/media/share/Eason/speech2txet/meta-transfer-learning/data/manifests/Nursing/wav/7_11.wav,/media/share/Eason/speech2txet/meta-transfer-learning/data/manifests/Nursing/txt/7_11.txt
/media/share/Eason/speech2txet/meta-transfer-learning/data/manifests/Nursing/wav/3_31.wav,/media/share/Eason/speech2txet/meta-transfer-learning/data/manifests/Nursing/txt/3_31.txt
/media/share/Eason/speech2txet/meta-transfer-learning/data/manifests/Nursing/wav/2_29.wav,/media/share/Eason/speech2txet/meta-transfer-learning/data/manifests/Nursing/txt/2_29.txt
/media/share/Eason/speech2txet/meta-transfer-learning/data/manifests/Nursing/wav/2_38.wav,/media/share/Eason/speech2txet/meta-transfer-learning/data/manifests/Nursing/txt/2_38.txt
/media/share/Eason/speech2txet/meta-transfer-learning/data/manifests/Nursing/wav/8_32.wav,/media/share/Eason/speech2txet/meta-transfer-learning/data/manifests/Nursing/txt/8_32.txt
/media/share/Eason/speech2txet/meta-transfer-learning/data/manifests/Nursing/wav/5_29.wav,/media/share/Eason/speech2txet/meta-transfer-learning/data/manifests/Nursing/txt/5_29.txt
/media/share/Eason/speech2txet/meta-transfer-learning/data/manifests/Nursing/wav/3_50.wav,/media/share/Eason/speech2txet/meta-transfer-learning/data/manifests/Nursing/txt/3_50.txt
/media/share/Eason/speech2txet/meta-transfer-learning/data/manifests/Nursing/wav/8_14.wav,/media/share/Eason/speech2txet/meta-transfer-learning/data/manifests/Nursing/txt/8_14.txt
/media/share/Eason/speech2txet/meta-transfer-learning/data/manifests/Nursing/wav/4_42.wav,/media/share/Eason/speech2txet/meta-transfer-learning/data/manifests/Nursing/txt/4_42.txt
/media/share/Eason/speech2txet/meta-transfer-learning/data/manifests/Nursing/wav/6_41.wav,/media/share/Eason/speech2txet/meta-transfer-learning/data/manifests/Nursing/txt/6_41.txt
/media/share/Eason/speech2txet/meta-transfer-learning/data/manifests/Nursing/wav/6_24.wav,/media/share/Eason/speech2txet/meta-transfer-learning/data/manifests/Nursing/txt/6_24.txt
/media/share/Eason/speech2txet/meta-transfer-learning/data/manifests/Nursing/wav/2_34.wav,/media/share/Eason/speech2txet/meta-transfer-learning/data/manifests/Nursing/txt/2_34.txt
/media/share/Eason/speech2txet/meta-transfer-learning/data/manifests/Nursing/wav/8_7.wav,/media/share/Eason/speech2txet/meta-transfer-learning/data/manifests/Nursing/txt/8_7.txt
/media/share/Eason/speech2txet/meta-transfer-learning/data/manifests/Nursing/wav/8_20.wav,/media/share/Eason/speech2txet/meta-transfer-learning/data/manifests/Nursing/txt/8_20.txt
/media/share/Eason/speech2txet/meta-transfer-learning/data/manifests/Nursing/wav/4_29.wav,/media/share/Eason/speech2txet/meta-transfer-learning/data/manifests/Nursing/txt/4_29.txt
/media/share/Eason/speech2txet/meta-transfer-learning/data/manifests/Nursing/wav/8_30.wav,/media/share/Eason/speech2txet/meta-transfer-learning/data/manifests/Nursing/txt/8_30.txt
/media/share/Eason/speech2txet/meta-transfer-learning/data/manifests/Nursing/wav/7_36.wav,/media/share/Eason/speech2txet/meta-transfer-learning/data/manifests/Nursing/txt/7_36.txt
/media/share/Eason/speech2txet/meta-transfer-learning/data/manifests/Nursing/wav/1_24.wav,/media/share/Eason/speech2txet/meta-transfer-learning/data/manifests/Nursing/txt/1_24.txt
/media/share/Eason/speech2txet/meta-transfer-learning/data/manifests/Nursing/wav/1_19.wav,/media/share/Eason/speech2txet/meta-transfer-learning/data/manifests/Nursing/txt/1_19.txt
/media/share/Eason/speech2txet/meta-transfer-learning/data/manifests/Nursing/wav/2_22.wav,/media/share/Eason/speech2txet/meta-transfer-learning/data/manifests/Nursing/txt/2_22.txt
/media/share/Eason/speech2txet/meta-transfer-learning/data/manifests/Nursing/wav/4_26.wav,/media/share/Eason/speech2txet/meta-transfer-learning/data/manifests/Nursing/txt/4_26.txt
/media/share/Eason/speech2txet/meta-transfer-learning/data/manifests/Nursing/wav/8_50.wav,/media/share/Eason/speech2txet/meta-transfer-learning/data/manifests/Nursing/txt/8_50.txt
/media/share/Eason/speech2txet/meta-transfer-learning/data/manifests/Nursing/wav/3_1.wav,/media/share/Eason/speech2txet/meta-transfer-learning/data/manifests/Nursing/txt/3_1.txt
/media/share/Eason/speech2txet/meta-transfer-learning/data/manifests/Nursing/wav/1_40.wav,/media/share/Eason/speech2txet/meta-transfer-learning/data/manifests/Nursing/txt/1_40.txt
/media/share/Eason/speech2txet/meta-transfer-learning/data/manifests/Nursing/wav/1_28.wav,/media/share/Eason/speech2txet/meta-transfer-learning/data/manifests/Nursing/txt/1_28.txt
/media/share/Eason/speech2txet/meta-transfer-learning/data/manifests/Nursing/wav/8_42.wav,/media/share/Eason/speech2txet/meta-transfer-learning/data/manifests/Nursing/txt/8_42.txt
/media/share/Eason/speech2txet/meta-transfer-learning/data/manifests/Nursing/wav/8_17.wav,/media/share/Eason/speech2txet/meta-transfer-learning/data/manifests/Nursing/txt/8_17.txt
/media/share/Eason/speech2txet/meta-transfer-learning/data/manifests/Nursing/wav/3_40.wav,/media/share/Eason/speech2txet/meta-transfer-learning/data/manifests/Nursing/txt/3_40.txt
/media/share/Eason/speech2txet/meta-transfer-learning/data/manifests/Nursing/wav/1_8.wav,/media/share/Eason/speech2txet/meta-transfer-learning/data/manifests/Nursing/txt/1_8.txt
/media/share/Eason/speech2txet/meta-transfer-learning/data/manifests/Nursing/wav/4_6.wav,/media/share/Eason/speech2txet/meta-transfer-learning/data/manifests/Nursing/txt/4_6.txt
/media/share/Eason/speech2txet/meta-transfer-learning/data/manifests/Nursing/wav/4_2.wav,/media/share/Eason/speech2txet/meta-transfer-learning/data/manifests/Nursing/txt/4_2.txt
/media/share/Eason/speech2txet/meta-transfer-learning/data/manifests/Nursing/wav/2_39.wav,/media/share/Eason/speech2txet/meta-transfer-learning/data/manifests/Nursing/txt/2_39.txt
/media/share/Eason/speech2txet/meta-transfer-learning/data/manifests/Nursing/wav/8_2.wav,/media/share/Eason/speech2txet/meta-transfer-learning/data/manifests/Nursing/txt/8_2.txt
/media/share/Eason/speech2txet/meta-transfer-learning/data/manifests/Nursing/wav/7_16.wav,/media/share/Eason/speech2txet/meta-transfer-learning/data/manifests/Nursing/txt/7_16.txt
/media/share/Eason/speech2txet/meta-transfer-learning/data/manifests/Nursing/wav/3_22.wav,/media/share/Eason/speech2txet/meta-transfer-learning/data/manifests/Nursing/txt/3_22.txt
/media/share/Eason/speech2txet/meta-transfer-learning/data/manifests/Nursing/wav/5_35.wav,/media/share/Eason/speech2txet/meta-transfer-learning/data/manifests/Nursing/txt/5_35.txt
/media/share/Eason/speech2txet/meta-transfer-learning/data/manifests/Nursing/wav/6_23.wav,/media/share/Eason/speech2txet/meta-transfer-learning/data/manifests/Nursing/txt/6_23.txt
/media/share/Eason/speech2txet/meta-transfer-learning/data/manifests/Nursing/wav/5_22.wav,/media/share/Eason/speech2txet/meta-transfer-learning/data/manifests/Nursing/txt/5_22.txt
/media/share/Eason/speech2txet/meta-transfer-learning/data/manifests/Nursing/wav/5_40.wav,/media/share/Eason/speech2txet/meta-transfer-learning/data/manifests/Nursing/txt/5_40.txt
/media/share/Eason/speech2txet/meta-transfer-learning/data/manifests/Nursing/wav/6_30.wav,/media/share/Eason/speech2txet/meta-transfer-learning/data/manifests/Nursing/txt/6_30.txt
/media/share/Eason/speech2txet/meta-transfer-learning/data/manifests/Nursing/wav/6_22.wav,/media/share/Eason/speech2txet/meta-transfer-learning/data/manifests/Nursing/txt/6_22.txt
/media/share/Eason/speech2txet/meta-transfer-learning/data/manifests/Nursing/wav/3_13.wav,/media/share/Eason/speech2txet/meta-transfer-learning/data/manifests/Nursing/txt/3_13.txt
/media/share/Eason/speech2txet/meta-transfer-learning/data/manifests/Nursing/wav/4_31.wav,/media/share/Eason/speech2txet/meta-transfer-learning/data/manifests/Nursing/txt/4_31.txt
/media/share/Eason/speech2txet/meta-transfer-learning/data/manifests/Nursing/wav/4_45.wav,/media/share/Eason/speech2txet/meta-transfer-learning/data/manifests/Nursing/txt/4_45.txt
/media/share/Eason/speech2txet/meta-transfer-learning/data/manifests/Nursing/wav/7_42.wav,/media/share/Eason/speech2txet/meta-transfer-learning/data/manifests/Nursing/txt/7_42.txt
/media/share/Eason/speech2txet/meta-transfer-learning/data/manifests/Nursing/wav/2_33.wav,/media/share/Eason/speech2txet/meta-transfer-learning/data/manifests/Nursing/txt/2_33.txt
/media/share/Eason/speech2txet/meta-transfer-learning/data/manifests/Nursing/wav/2_43.wav,/media/share/Eason/speech2txet/meta-transfer-learning/data/manifests/Nursing/txt/2_43.txt
/media/share/Eason/speech2txet/meta-transfer-learning/data/manifests/Nursing/wav/4_50.wav,/media/share/Eason/speech2txet/meta-transfer-learning/data/manifests/Nursing/txt/4_50.txt
/media/share/Eason/speech2txet/meta-transfer-learning/data/manifests/Nursing/wav/1_47.wav,/media/share/Eason/speech2txet/meta-transfer-learning/data/manifests/Nursing/txt/1_47.txt
/media/share/Eason/speech2txet/meta-transfer-learning/data/manifests/Nursing/wav/2_21.wav,/media/share/Eason/speech2txet/meta-transfer-learning/data/manifests/Nursing/txt/2_21.txt
/media/share/Eason/speech2txet/meta-transfer-learning/data/manifests/Nursing/wav/8_26.wav,/media/share/Eason/speech2txet/meta-transfer-learning/data/manifests/Nursing/txt/8_26.txt
/media/share/Eason/speech2txet/meta-transfer-learning/data/manifests/Nursing/wav/6_20.wav,/media/share/Eason/speech2txet/meta-transfer-learning/data/manifests/Nursing/txt/6_20.txt
/media/share/Eason/speech2txet/meta-transfer-learning/data/manifests/Nursing/wav/8_11.wav,/media/share/Eason/speech2txet/meta-transfer-learning/data/manifests/Nursing/txt/8_11.txt
/media/share/Eason/speech2txet/meta-transfer-learning/data/manifests/Nursing/wav/6_9.wav,/media/share/Eason/speech2txet/meta-transfer-learning/data/manifests/Nursing/txt/6_9.txt
/media/share/Eason/speech2txet/meta-transfer-learning/data/manifests/Nursing/wav/7_25.wav,/media/share/Eason/speech2txet/meta-transfer-learning/data/manifests/Nursing/txt/7_25.txt
/media/share/Eason/speech2txet/meta-transfer-learning/data/manifests/Nursing/wav/5_42.wav,/media/share/Eason/speech2txet/meta-transfer-learning/data/manifests/Nursing/txt/5_42.txt
/media/share/Eason/speech2txet/meta-transfer-learning/data/manifests/Nursing/wav/5_4.wav,/media/share/Eason/speech2txet/meta-transfer-learning/data/manifests/Nursing/txt/5_4.txt
/media/share/Eason/speech2txet/meta-transfer-learning/data/manifests/Nursing/wav/5_1.wav,/media/share/Eason/speech2txet/meta-transfer-learning/data/manifests/Nursing/txt/5_1.txt
/media/share/Eason/speech2txet/meta-transfer-learning/data/manifests/Nursing/wav/8_34.wav,/media/share/Eason/speech2txet/meta-transfer-learning/data/manifests/Nursing/txt/8_34.txt
/media/share/Eason/speech2txet/meta-transfer-learning/data/manifests/Nursing/wav/7_46.wav,/media/share/Eason/speech2txet/meta-transfer-learning/data/manifests/Nursing/txt/7_46.txt
/media/share/Eason/speech2txet/meta-transfer-learning/data/manifests/Nursing/wav/6_50.wav,/media/share/Eason/speech2txet/meta-transfer-learning/data/manifests/Nursing/txt/6_50.txt
/media/share/Eason/speech2txet/meta-transfer-learning/data/manifests/Nursing/wav/5_31.wav,/media/share/Eason/speech2txet/meta-transfer-learning/data/manifests/Nursing/txt/5_31.txt
/media/share/Eason/speech2txet/meta-transfer-learning/data/manifests/Nursing/wav/2_2.wav,/media/share/Eason/speech2txet/meta-transfer-learning/data/manifests/Nursing/txt/2_2.txt
/media/share/Eason/speech2txet/meta-transfer-learning/data/manifests/Nursing/wav/1_18.wav,/media/share/Eason/speech2txet/meta-transfer-learning/data/manifests/Nursing/txt/1_18.txt
/media/share/Eason/speech2txet/meta-transfer-learning/data/manifests/Nursing/wav/2_8.wav,/media/share/Eason/speech2txet/meta-transfer-learning/data/manifests/Nursing/txt/2_8.txt
/media/share/Eason/speech2txet/meta-transfer-learning/data/manifests/Nursing/wav/3_49.wav,/media/share/Eason/speech2txet/meta-transfer-learning/data/manifests/Nursing/txt/3_49.txt
/media/share/Eason/speech2txet/meta-transfer-learning/data/manifests/Nursing/wav/7_40.wav,/media/share/Eason/speech2txet/meta-transfer-learning/data/manifests/Nursing/txt/7_40.txt
/media/share/Eason/speech2txet/meta-transfer-learning/data/manifests/Nursing/wav/3_28.wav,/media/share/Eason/speech2txet/meta-transfer-learning/data/manifests/Nursing/txt/3_28.txt
/media/share/Eason/speech2txet/meta-transfer-learning/data/manifests/Nursing/wav/6_27.wav,/media/share/Eason/speech2txet/meta-transfer-learning/data/manifests/Nursing/txt/6_27.txt
/media/share/Eason/speech2txet/meta-transfer-learning/data/manifests/Nursing/wav/7_43.wav,/media/share/Eason/speech2txet/meta-transfer-learning/data/manifests/Nursing/txt/7_43.txt
/media/share/Eason/speech2txet/meta-transfer-learning/data/manifests/Nursing/wav/8_27.wav,/media/share/Eason/speech2txet/meta-transfer-learning/data/manifests/Nursing/txt/8_27.txt
/media/share/Eason/speech2txet/meta-transfer-learning/data/manifests/Nursing/wav/3_2.wav,/media/share/Eason/speech2txet/meta-transfer-learning/data/manifests/Nursing/txt/3_2.txt
/media/share/Eason/speech2txet/meta-transfer-learning/data/manifests/Nursing/wav/7_19.wav,/media/share/Eason/speech2txet/meta-transfer-learning/data/manifests/Nursing/txt/7_19.txt
/media/share/Eason/speech2txet/meta-transfer-learning/data/manifests/Nursing/wav/7_18.wav,/media/share/Eason/speech2txet/meta-transfer-learning/data/manifests/Nursing/txt/7_18.txt
/media/share/Eason/speech2txet/meta-transfer-learning/data/manifests/Nursing/wav/3_33.wav,/media/share/Eason/speech2txet/meta-transfer-learning/data/manifests/Nursing/txt/3_33.txt
/media/share/Eason/speech2txet/meta-transfer-learning/data/manifests/Nursing/wav/7_21.wav,/media/share/Eason/speech2txet/meta-transfer-learning/data/manifests/Nursing/txt/7_21.txt
/media/share/Eason/speech2txet/meta-transfer-learning/data/manifests/Nursing/wav/7_5.wav,/media/share/Eason/speech2txet/meta-transfer-learning/data/manifests/Nursing/txt/7_5.txt
/media/share/Eason/speech2txet/meta-transfer-learning/data/manifests/Nursing/wav/2_10.wav,/media/share/Eason/speech2txet/meta-transfer-learning/data/manifests/Nursing/txt/2_10.txt
/media/share/Eason/speech2txet/meta-transfer-learning/data/manifests/Nursing/wav/5_12.wav,/media/share/Eason/speech2txet/meta-transfer-learning/data/manifests/Nursing/txt/5_12.txt
/media/share/Eason/speech2txet/meta-transfer-learning/data/manifests/Nursing/wav/2_40.wav,/media/share/Eason/speech2txet/meta-transfer-learning/data/manifests/Nursing/txt/2_40.txt
/media/share/Eason/speech2txet/meta-transfer-learning/data/manifests/Nursing/wav/4_44.wav,/media/share/Eason/speech2txet/meta-transfer-learning/data/manifests/Nursing/txt/4_44.txt
/media/share/Eason/speech2txet/meta-transfer-learning/data/manifests/Nursing/wav/1_15.wav,/media/share/Eason/speech2txet/meta-transfer-learning/data/manifests/Nursing/txt/1_15.txt
/media/share/Eason/speech2txet/meta-transfer-learning/data/manifests/Nursing/wav/6_29.wav,/media/share/Eason/speech2txet/meta-transfer-learning/data/manifests/Nursing/txt/6_29.txt
/media/share/Eason/speech2txet/meta-transfer-learning/data/manifests/Nursing/wav/2_28.wav,/media/share/Eason/speech2txet/meta-transfer-learning/data/manifests/Nursing/txt/2_28.txt
/media/share/Eason/speech2txet/meta-transfer-learning/data/manifests/Nursing/wav/6_35.wav,/media/share/Eason/speech2txet/meta-transfer-learning/data/manifests/Nursing/txt/6_35.txt
/media/share/Eason/speech2txet/meta-transfer-learning/data/manifests/Nursing/wav/3_10.wav,/media/share/Eason/speech2txet/meta-transfer-learning/data/manifests/Nursing/txt/3_10.txt
/media/share/Eason/speech2txet/meta-transfer-learning/data/manifests/Nursing/wav/7_49.wav,/media/share/Eason/speech2txet/meta-transfer-learning/data/manifests/Nursing/txt/7_49.txt
/media/share/Eason/speech2txet/meta-transfer-learning/data/manifests/Nursing/wav/1_32.wav,/media/share/Eason/speech2txet/meta-transfer-learning/data/manifests/Nursing/txt/1_32.txt
/media/share/Eason/speech2txet/meta-transfer-learning/data/manifests/Nursing/wav/5_3.wav,/media/share/Eason/speech2txet/meta-transfer-learning/data/manifests/Nursing/txt/5_3.txt
/media/share/Eason/speech2txet/meta-transfer-learning/data/manifests/Nursing/wav/8_28.wav,/media/share/Eason/speech2txet/meta-transfer-learning/data/manifests/Nursing/txt/8_28.txt
/media/share/Eason/speech2txet/meta-transfer-learning/data/manifests/Nursing/wav/4_11.wav,/media/share/Eason/speech2txet/meta-transfer-learning/data/manifests/Nursing/txt/4_11.txt
/media/share/Eason/speech2txet/meta-transfer-learning/data/manifests/Nursing/wav/8_24.wav,/media/share/Eason/speech2txet/meta-transfer-learning/data/manifests/Nursing/txt/8_24.txt
/media/share/Eason/speech2txet/meta-transfer-learning/data/manifests/Nursing/wav/7_33.wav,/media/share/Eason/speech2txet/meta-transfer-learning/data/manifests/Nursing/txt/7_33.txt
/media/share/Eason/speech2txet/meta-transfer-learning/data/manifests/Nursing/wav/2_6.wav,/media/share/Eason/speech2txet/meta-transfer-learning/data/manifests/Nursing/txt/2_6.txt
/media/share/Eason/speech2txet/meta-transfer-learning/data/manifests/Nursing/wav/4_5.wav,/media/share/Eason/speech2txet/meta-transfer-learning/data/manifests/Nursing/txt/4_5.txt
/media/share/Eason/speech2txet/meta-transfer-learning/data/manifests/Nursing/wav/4_12.wav,/media/share/Eason/speech2txet/meta-transfer-learning/data/manifests/Nursing/txt/4_12.txt
/media/share/Eason/speech2txet/meta-transfer-learning/data/manifests/Nursing/wav/5_28.wav,/media/share/Eason/speech2txet/meta-transfer-learning/data/manifests/Nursing/txt/5_28.txt
/media/share/Eason/speech2txet/meta-transfer-learning/data/manifests/Nursing/wav/3_27.wav,/media/share/Eason/speech2txet/meta-transfer-learning/data/manifests/Nursing/txt/3_27.txt
/media/share/Eason/speech2txet/meta-transfer-learning/data/manifests/Nursing/wav/1_2.wav,/media/share/Eason/speech2txet/meta-transfer-learning/data/manifests/Nursing/txt/1_2.txt
/media/share/Eason/speech2txet/meta-transfer-learning/data/manifests/Nursing/wav/6_12.wav,/media/share/Eason/speech2txet/meta-transfer-learning/data/manifests/Nursing/txt/6_12.txt
/media/share/Eason/speech2txet/meta-transfer-learning/data/manifests/Nursing/wav/1_30.wav,/media/share/Eason/speech2txet/meta-transfer-learning/data/manifests/Nursing/txt/1_30.txt
/media/share/Eason/speech2txet/meta-transfer-learning/data/manifests/Nursing/wav/1_22.wav,/media/share/Eason/speech2txet/meta-transfer-learning/data/manifests/Nursing/txt/1_22.txt
/media/share/Eason/speech2txet/meta-transfer-learning/data/manifests/Nursing/wav/4_25.wav,/media/share/Eason/speech2txet/meta-transfer-learning/data/manifests/Nursing/txt/4_25.txt
/media/share/Eason/speech2txet/meta-transfer-learning/data/manifests/Nursing/wav/5_13.wav,/media/share/Eason/speech2txet/meta-transfer-learning/data/manifests/Nursing/txt/5_13.txt
/media/share/Eason/speech2txet/meta-transfer-learning/data/manifests/Nursing/wav/6_28.wav,/media/share/Eason/speech2txet/meta-transfer-learning/data/manifests/Nursing/txt/6_28.txt
/media/share/Eason/speech2txet/meta-transfer-learning/data/manifests/Nursing/wav/8_8.wav,/media/share/Eason/speech2txet/meta-transfer-learning/data/manifests/Nursing/txt/8_8.txt
/media/share/Eason/speech2txet/meta-transfer-learning/data/manifests/Nursing/wav/8_38.wav,/media/share/Eason/speech2txet/meta-transfer-learning/data/manifests/Nursing/txt/8_38.txt
/media/share/Eason/speech2txet/meta-transfer-learning/data/manifests/Nursing/wav/3_26.wav,/media/share/Eason/speech2txet/meta-transfer-learning/data/manifests/Nursing/txt/3_26.txt
/media/share/Eason/speech2txet/meta-transfer-learning/data/manifests/Nursing/wav/7_39.wav,/media/share/Eason/speech2txet/meta-transfer-learning/data/manifests/Nursing/txt/7_39.txt
/media/share/Eason/speech2txet/meta-transfer-learning/data/manifests/Nursing/wav/1_27.wav,/media/share/Eason/speech2txet/meta-transfer-learning/data/manifests/Nursing/txt/1_27.txt
/media/share/Eason/speech2txet/meta-transfer-learning/data/manifests/Nursing/wav/8_6.wav,/media/share/Eason/speech2txet/meta-transfer-learning/data/manifests/Nursing/txt/8_6.txt
/media/share/Eason/speech2txet/meta-transfer-learning/data/manifests/Nursing/wav/2_48.wav,/media/share/Eason/speech2txet/meta-transfer-learning/data/manifests/Nursing/txt/2_48.txt
/media/share/Eason/speech2txet/meta-transfer-learning/data/manifests/Nursing/wav/2_37.wav,/media/share/Eason/speech2txet/meta-transfer-learning/data/manifests/Nursing/txt/2_37.txt
/media/share/Eason/speech2txet/meta-transfer-learning/data/manifests/Nursing/wav/4_41.wav,/media/share/Eason/speech2txet/meta-transfer-learning/data/manifests/Nursing/txt/4_41.txt
/media/share/Eason/speech2txet/meta-transfer-learning/data/manifests/Nursing/wav/2_14.wav,/media/share/Eason/speech2txet/meta-transfer-learning/data/manifests/Nursing/txt/2_14.txt
/media/share/Eason/speech2txet/meta-transfer-learning/data/manifests/Nursing/wav/6_3.wav,/media/share/Eason/speech2txet/meta-transfer-learning/data/manifests/Nursing/txt/6_3.txt
/media/share/Eason/speech2txet/meta-transfer-learning/data/manifests/Nursing/wav/4_23.wav,/media/share/Eason/speech2txet/meta-transfer-learning/data/manifests/Nursing/txt/4_23.txt
/media/share/Eason/speech2txet/meta-transfer-learning/data/manifests/Nursing/wav/1_13.wav,/media/share/Eason/speech2txet/meta-transfer-learning/data/manifests/Nursing/txt/1_13.txt
/media/share/Eason/speech2txet/meta-transfer-learning/data/manifests/Nursing/wav/4_49.wav,/media/share/Eason/speech2txet/meta-transfer-learning/data/manifests/Nursing/txt/4_49.txt
/media/share/Eason/speech2txet/meta-transfer-learning/data/manifests/Nursing/wav/7_17.wav,/media/share/Eason/speech2txet/meta-transfer-learning/data/manifests/Nursing/txt/7_17.txt
/media/share/Eason/speech2txet/meta-transfer-learning/data/manifests/Nursing/wav/3_23.wav,/media/share/Eason/speech2txet/meta-transfer-learning/data/manifests/Nursing/txt/3_23.txt
/media/share/Eason/speech2txet/meta-transfer-learning/data/manifests/Nursing/wav/5_33.wav,/media/share/Eason/speech2txet/meta-transfer-learning/data/manifests/Nursing/txt/5_33.txt
/media/share/Eason/speech2txet/meta-transfer-learning/data/manifests/Nursing/wav/6_44.wav,/media/share/Eason/speech2txet/meta-transfer-learning/data/manifests/Nursing/txt/6_44.txt
/media/share/Eason/speech2txet/meta-transfer-learning/data/manifests/Nursing/wav/7_47.wav,/media/share/Eason/speech2txet/meta-transfer-learning/data/manifests/Nursing/txt/7_47.txt
/media/share/Eason/speech2txet/meta-transfer-learning/data/manifests/Nursing/wav/7_13.wav,/media/share/Eason/speech2txet/meta-transfer-learning/data/manifests/Nursing/txt/7_13.txt
/media/share/Eason/speech2txet/meta-transfer-learning/data/manifests/Nursing/wav/2_23.wav,/media/share/Eason/speech2txet/meta-transfer-learning/data/manifests/Nursing/txt/2_23.txt
/media/share/Eason/speech2txet/meta-transfer-learning/data/manifests/Nursing/wav/3_24.wav,/media/share/Eason/speech2txet/meta-transfer-learning/data/manifests/Nursing/txt/3_24.txt
/media/share/Eason/speech2txet/meta-transfer-learning/data/manifests/Nursing/wav/3_37.wav,/media/share/Eason/speech2txet/meta-transfer-learning/data/manifests/Nursing/txt/3_37.txt
/media/share/Eason/speech2txet/meta-transfer-learning/data/manifests/Nursing/wav/3_43.wav,/media/share/Eason/speech2txet/meta-transfer-learning/data/manifests/Nursing/txt/3_43.txt
/media/share/Eason/speech2txet/meta-transfer-learning/data/manifests/Nursing/wav/6_6.wav,/media/share/Eason/speech2txet/meta-transfer-learning/data/manifests/Nursing/txt/6_6.txt
/media/share/Eason/speech2txet/meta-transfer-learning/data/manifests/Nursing/wav/8_41.wav,/media/share/Eason/speech2txet/meta-transfer-learning/data/manifests/Nursing/txt/8_41.txt
/media/share/Eason/speech2txet/meta-transfer-learning/data/manifests/Nursing/wav/1_29.wav,/media/share/Eason/speech2txet/meta-transfer-learning/data/manifests/Nursing/txt/1_29.txt
/media/share/Eason/speech2txet/meta-transfer-learning/data/manifests/Nursing/wav/1_23.wav,/media/share/Eason/speech2txet/meta-transfer-learning/data/manifests/Nursing/txt/1_23.txt
/media/share/Eason/speech2txet/meta-transfer-learning/data/manifests/Nursing/wav/6_40.wav,/media/share/Eason/speech2txet/meta-transfer-learning/data/manifests/Nursing/txt/6_40.txt
/media/share/Eason/speech2txet/meta-transfer-learning/data/manifests/Nursing/wav/7_44.wav,/media/share/Eason/speech2txet/meta-transfer-learning/data/manifests/Nursing/txt/7_44.txt
/media/share/Eason/speech2txet/meta-transfer-learning/data/manifests/Nursing/wav/1_3.wav,/media/share/Eason/speech2txet/meta-transfer-learning/data/manifests/Nursing/txt/1_3.txt
/media/share/Eason/speech2txet/meta-transfer-learning/data/manifests/Nursing/wav/3_29.wav,/media/share/Eason/speech2txet/meta-transfer-learning/data/manifests/Nursing/txt/3_29.txt
/media/share/Eason/speech2txet/meta-transfer-learning/data/manifests/Nursing/wav/1_36.wav,/media/share/Eason/speech2txet/meta-transfer-learning/data/manifests/Nursing/txt/1_36.txt
/media/share/Eason/speech2txet/meta-transfer-learning/data/manifests/Nursing/wav/8_13.wav,/media/share/Eason/speech2txet/meta-transfer-learning/data/manifests/Nursing/txt/8_13.txt
/media/share/Eason/speech2txet/meta-transfer-learning/data/manifests/Nursing/wav/7_28.wav,/media/share/Eason/speech2txet/meta-transfer-learning/data/manifests/Nursing/txt/7_28.txt
/media/share/Eason/speech2txet/meta-transfer-learning/data/manifests/Nursing/wav/1_16.wav,/media/share/Eason/speech2txet/meta-transfer-learning/data/manifests/Nursing/txt/1_16.txt
/media/share/Eason/speech2txet/meta-transfer-learning/data/manifests/Nursing/wav/5_34.wav,/media/share/Eason/speech2txet/meta-transfer-learning/data/manifests/Nursing/txt/5_34.txt
/media/share/Eason/speech2txet/meta-transfer-learning/data/manifests/Nursing/wav/6_37.wav,/media/share/Eason/speech2txet/meta-transfer-learning/data/manifests/Nursing/txt/6_37.txt
/media/share/Eason/speech2txet/meta-transfer-learning/data/manifests/Nursing/wav/2_1.wav,/media/share/Eason/speech2txet/meta-transfer-learning/data/manifests/Nursing/txt/2_1.txt
/media/share/Eason/speech2txet/meta-transfer-learning/data/manifests/Nursing/wav/2_35.wav,/media/share/Eason/speech2txet/meta-transfer-learning/data/manifests/Nursing/txt/2_35.txt
/media/share/Eason/speech2txet/meta-transfer-learning/data/manifests/Nursing/wav/5_6.wav,/media/share/Eason/speech2txet/meta-transfer-learning/data/manifests/Nursing/txt/5_6.txt
/media/share/Eason/speech2txet/meta-transfer-learning/data/manifests/Nursing/wav/1_33.wav,/media/share/Eason/speech2txet/meta-transfer-learning/data/manifests/Nursing/txt/1_33.txt
/media/share/Eason/speech2txet/meta-transfer-learning/data/manifests/Nursing/wav/4_1.wav,/media/share/Eason/speech2txet/meta-transfer-learning/data/manifests/Nursing/txt/4_1.txt
/media/share/Eason/speech2txet/meta-transfer-learning/data/manifests/Nursing/wav/4_28.wav,/media/share/Eason/speech2txet/meta-transfer-learning/data/manifests/Nursing/txt/4_28.txt
/media/share/Eason/speech2txet/meta-transfer-learning/data/manifests/Nursing/wav/5_38.wav,/media/share/Eason/speech2txet/meta-transfer-learning/data/manifests/Nursing/txt/5_38.txt
/media/share/Eason/speech2txet/meta-transfer-learning/data/manifests/Nursing/wav/1_41.wav,/media/share/Eason/speech2txet/meta-transfer-learning/data/manifests/Nursing/txt/1_41.txt
/media/share/Eason/speech2txet/meta-transfer-learning/data/manifests/Nursing/wav/3_32.wav,/media/share/Eason/speech2txet/meta-transfer-learning/data/manifests/Nursing/txt/3_32.txt
/media/share/Eason/speech2txet/meta-transfer-learning/data/manifests/Nursing/wav/1_1.wav,/media/share/Eason/speech2txet/meta-transfer-learning/data/manifests/Nursing/txt/1_1.txt
/media/share/Eason/speech2txet/meta-transfer-learning/data/manifests/Nursing/wav/6_18.wav,/media/share/Eason/speech2txet/meta-transfer-learning/data/manifests/Nursing/txt/6_18.txt
/media/share/Eason/speech2txet/meta-transfer-learning/data/manifests/Nursing/wav/1_9.wav,/media/share/Eason/speech2txet/meta-transfer-learning/data/manifests/Nursing/txt/1_9.txt
/media/share/Eason/speech2txet/meta-transfer-learning/data/manifests/Nursing/wav/7_50.wav,/media/share/Eason/speech2txet/meta-transfer-learning/data/manifests/Nursing/txt/7_50.txt
/media/share/Eason/speech2txet/meta-transfer-learning/data/manifests/Nursing/wav/2_26.wav,/media/share/Eason/speech2txet/meta-transfer-learning/data/manifests/Nursing/txt/2_26.txt
/media/share/Eason/speech2txet/meta-transfer-learning/data/manifests/Nursing/wav/1_39.wav,/media/share/Eason/speech2txet/meta-transfer-learning/data/manifests/Nursing/txt/1_39.txt
/media/share/Eason/speech2txet/meta-transfer-learning/data/manifests/Nursing/wav/8_16.wav,/media/share/Eason/speech2txet/meta-transfer-learning/data/manifests/Nursing/txt/8_16.txt
/media/share/Eason/speech2txet/meta-transfer-learning/data/manifests/Nursing/wav/6_10.wav,/media/share/Eason/speech2txet/meta-transfer-learning/data/manifests/Nursing/txt/6_10.txt
/media/share/Eason/speech2txet/meta-transfer-learning/data/manifests/Nursing/wav/2_31.wav,/media/share/Eason/speech2txet/meta-transfer-learning/data/manifests/Nursing/txt/2_31.txt
/media/share/Eason/speech2txet/meta-transfer-learning/data/manifests/Nursing/wav/5_50.wav,/media/share/Eason/speech2txet/meta-transfer-learning/data/manifests/Nursing/txt/5_50.txt
/media/share/Eason/speech2txet/meta-transfer-learning/data/manifests/Nursing/wav/5_47.wav,/media/share/Eason/speech2txet/meta-transfer-learning/data/manifests/Nursing/txt/5_47.txt
/media/share/Eason/speech2txet/meta-transfer-learning/data/manifests/Nursing/wav/8_21.wav,/media/share/Eason/speech2txet/meta-transfer-learning/data/manifests/Nursing/txt/8_21.txt
/media/share/Eason/speech2txet/meta-transfer-learning/data/manifests/Nursing/wav/2_4.wav,/media/share/Eason/speech2txet/meta-transfer-learning/data/manifests/Nursing/txt/2_4.txt
/media/share/Eason/speech2txet/meta-transfer-learning/data/manifests/Nursing/wav/3_9.wav,/media/share/Eason/speech2txet/meta-transfer-learning/data/manifests/Nursing/txt/3_9.txt
/media/share/Eason/speech2txet/meta-transfer-learning/data/manifests/Nursing/wav/2_30.wav,/media/share/Eason/speech2txet/meta-transfer-learning/data/manifests/Nursing/txt/2_30.txt
/media/share/Eason/speech2txet/meta-transfer-learning/data/manifests/Nursing/wav/5_5.wav,/media/share/Eason/speech2txet/meta-transfer-learning/data/manifests/Nursing/txt/5_5.txt
/media/share/Eason/speech2txet/meta-transfer-learning/data/manifests/Nursing/wav/4_40.wav,/media/share/Eason/speech2txet/meta-transfer-learning/data/manifests/Nursing/txt/4_40.txt
/media/share/Eason/speech2txet/meta-transfer-learning/data/manifests/Nursing/wav/5_26.wav,/media/share/Eason/speech2txet/meta-transfer-learning/data/manifests/Nursing/txt/5_26.txt
/media/share/Eason/speech2txet/meta-transfer-learning/data/manifests/Nursing/wav/6_32.wav,/media/share/Eason/speech2txet/meta-transfer-learning/data/manifests/Nursing/txt/6_32.txt
/media/share/Eason/speech2txet/meta-transfer-learning/data/manifests/Nursing/wav/5_36.wav,/media/share/Eason/speech2txet/meta-transfer-learning/data/manifests/Nursing/txt/5_36.txt
/media/share/Eason/speech2txet/meta-transfer-learning/data/manifests/Nursing/wav/1_34.wav,/media/share/Eason/speech2txet/meta-transfer-learning/data/manifests/Nursing/txt/1_34.txt
/media/share/Eason/speech2txet/meta-transfer-learning/data/manifests/Nursing/wav/6_45.wav,/media/share/Eason/speech2txet/meta-transfer-learning/data/manifests/Nursing/txt/6_45.txt
/media/share/Eason/speech2txet/meta-transfer-learning/data/manifests/Nursing/wav/8_46.wav,/media/share/Eason/speech2txet/meta-transfer-learning/data/manifests/Nursing/txt/8_46.txt
/media/share/Eason/speech2txet/meta-transfer-learning/data/manifests/Nursing/wav/1_38.wav,/media/share/Eason/speech2txet/meta-transfer-learning/data/manifests/Nursing/txt/1_38.txt
/media/share/Eason/speech2txet/meta-transfer-learning/data/manifests/Nursing/wav/8_33.wav,/media/share/Eason/speech2txet/meta-transfer-learning/data/manifests/Nursing/txt/8_33.txt
/media/share/Eason/speech2txet/meta-transfer-learning/data/manifests/Nursing/wav/6_5.wav,/media/share/Eason/speech2txet/meta-transfer-learning/data/manifests/Nursing/txt/6_5.txt
/media/share/Eason/speech2txet/meta-transfer-learning/data/manifests/Nursing/wav/1_46.wav,/media/share/Eason/speech2txet/meta-transfer-learning/data/manifests/Nursing/txt/1_46.txt
/media/share/Eason/speech2txet/meta-transfer-learning/data/manifests/Nursing/wav/6_21.wav,/media/share/Eason/speech2txet/meta-transfer-learning/data/manifests/Nursing/txt/6_21.txt
/media/share/Eason/speech2txet/meta-transfer-learning/data/manifests/Nursing/wav/3_21.wav,/media/share/Eason/speech2txet/meta-transfer-learning/data/manifests/Nursing/txt/3_21.txt
/media/share/Eason/speech2txet/meta-transfer-learning/data/manifests/Nursing/wav/4_18.wav,/media/share/Eason/speech2txet/meta-transfer-learning/data/manifests/Nursing/txt/4_18.txt
/media/share/Eason/speech2txet/meta-transfer-learning/data/manifests/Nursing/wav/5_7.wav,/media/share/Eason/speech2txet/meta-transfer-learning/data/manifests/Nursing/txt/5_7.txt
/media/share/Eason/speech2txet/meta-transfer-learning/data/manifests/Nursing/wav/7_45.wav,/media/share/Eason/speech2txet/meta-transfer-learning/data/manifests/Nursing/txt/7_45.txt
/media/share/Eason/speech2txet/meta-transfer-learning/data/manifests/Nursing/wav/5_20.wav,/media/share/Eason/speech2txet/meta-transfer-learning/data/manifests/Nursing/txt/5_20.txt
/media/share/Eason/speech2txet/meta-transfer-learning/data/manifests/Nursing/wav/6_48.wav,/media/share/Eason/speech2txet/meta-transfer-learning/data/manifests/Nursing/txt/6_48.txt
/media/share/Eason/speech2txet/meta-transfer-learning/data/manifests/Nursing/wav/1_7.wav,/media/share/Eason/speech2txet/meta-transfer-learning/data/manifests/Nursing/txt/1_7.txt
/media/share/Eason/speech2txet/meta-transfer-learning/data/manifests/Nursing/wav/5_19.wav,/media/share/Eason/speech2txet/meta-transfer-learning/data/manifests/Nursing/txt/5_19.txt
/media/share/Eason/speech2txet/meta-transfer-learning/data/manifests/Nursing/wav/6_2.wav,/media/share/Eason/speech2txet/meta-transfer-learning/data/manifests/Nursing/txt/6_2.txt
/media/share/Eason/speech2txet/meta-transfer-learning/data/manifests/Nursing/wav/6_42.wav,/media/share/Eason/speech2txet/meta-transfer-learning/data/manifests/Nursing/txt/6_42.txt
/media/share/Eason/speech2txet/meta-transfer-learning/data/manifests/Nursing/wav/6_43.wav,/media/share/Eason/speech2txet/meta-transfer-learning/data/manifests/Nursing/txt/6_43.txt
/media/share/Eason/speech2txet/meta-transfer-learning/data/manifests/Nursing/wav/8_5 .wav,/media/share/Eason/speech2txet/meta-transfer-learning/data/manifests/Nursing/txt/8_5 .txt
/media/share/Eason/speech2txet/meta-transfer-learning/data/manifests/Nursing/wav/3_25.wav,/media/share/Eason/speech2txet/meta-transfer-learning/data/manifests/Nursing/txt/3_25.txt
/media/share/Eason/speech2txet/meta-transfer-learning/data/manifests/Nursing/wav/2_44.wav,/media/share/Eason/speech2txet/meta-transfer-learning/data/manifests/Nursing/txt/2_44.txt
/media/share/Eason/speech2txet/meta-transfer-learning/data/manifests/Nursing/wav/2_46.wav,/media/share/Eason/speech2txet/meta-transfer-learning/data/manifests/Nursing/txt/2_46.txt
/media/share/Eason/speech2txet/meta-transfer-learning/data/manifests/Nursing/wav/3_46.wav,/media/share/Eason/speech2txet/meta-transfer-learning/data/manifests/Nursing/txt/3_46.txt
/media/share/Eason/speech2txet/meta-transfer-learning/data/manifests/Nursing/wav/4_20.wav,/media/share/Eason/speech2txet/meta-transfer-learning/data/manifests/Nursing/txt/4_20.txt
/media/share/Eason/speech2txet/meta-transfer-learning/data/manifests/Nursing/wav/4_16.wav,/media/share/Eason/speech2txet/meta-transfer-learning/data/manifests/Nursing/txt/4_16.txt
/media/share/Eason/speech2txet/meta-transfer-learning/data/manifests/Nursing/wav/2_15.wav,/media/share/Eason/speech2txet/meta-transfer-learning/data/manifests/Nursing/txt/2_15.txt
/media/share/Eason/speech2txet/meta-transfer-learning/data/manifests/Nursing/wav/8_35.wav,/media/share/Eason/speech2txet/meta-transfer-learning/data/manifests/Nursing/txt/8_35.txt
/media/share/Eason/speech2txet/meta-transfer-learning/data/manifests/Nursing/wav/7_4.wav,/media/share/Eason/speech2txet/meta-transfer-learning/data/manifests/Nursing/txt/7_4.txt
/media/share/Eason/speech2txet/meta-transfer-learning/data/manifests/Nursing/wav/8_23.wav,/media/share/Eason/speech2txet/meta-transfer-learning/data/manifests/Nursing/txt/8_23.txt
/media/share/Eason/speech2txet/meta-transfer-learning/data/manifests/Nursing/wav/2_16.wav,/media/share/Eason/speech2txet/meta-transfer-learning/data/manifests/Nursing/txt/2_16.txt
/media/share/Eason/speech2txet/meta-transfer-learning/data/manifests/Nursing/wav/8_3.wav,/media/share/Eason/speech2txet/meta-transfer-learning/data/manifests/Nursing/txt/8_3.txt
/media/share/Eason/speech2txet/meta-transfer-learning/data/manifests/Nursing/wav/1_42.wav,/media/share/Eason/speech2txet/meta-transfer-learning/data/manifests/Nursing/txt/1_42.txt
/media/share/Eason/speech2txet/meta-transfer-learning/data/manifests/Nursing/wav/7_32.wav,/media/share/Eason/speech2txet/meta-transfer-learning/data/manifests/Nursing/txt/7_32.txt
/media/share/Eason/speech2txet/meta-transfer-learning/data/manifests/Nursing/wav/5_43.wav,/media/share/Eason/speech2txet/meta-transfer-learning/data/manifests/Nursing/txt/5_43.txt
/media/share/Eason/speech2txet/meta-transfer-learning/data/manifests/Nursing/wav/4_4.wav,/media/share/Eason/speech2txet/meta-transfer-learning/data/manifests/Nursing/txt/4_4.txt
/media/share/Eason/speech2txet/meta-transfer-learning/data/manifests/Nursing/wav/7_3.wav,/media/share/Eason/speech2txet/meta-transfer-learning/data/manifests/Nursing/txt/7_3.txt
/media/share/Eason/speech2txet/meta-transfer-learning/data/manifests/Nursing/wav/4_9.wav,/media/share/Eason/speech2txet/meta-transfer-learning/data/manifests/Nursing/txt/4_9.txt
/media/share/Eason/speech2txet/meta-transfer-learning/data/manifests/Nursing/wav/4_34.wav,/media/share/Eason/speech2txet/meta-transfer-learning/data/manifests/Nursing/txt/4_34.txt
/media/share/Eason/speech2txet/meta-transfer-learning/data/manifests/Nursing/wav/1_43.wav,/media/share/Eason/speech2txet/meta-transfer-learning/data/manifests/Nursing/txt/1_43.txt
/media/share/Eason/speech2txet/meta-transfer-learning/data/manifests/Nursing/wav/8_12.wav,/media/share/Eason/speech2txet/meta-transfer-learning/data/manifests/Nursing/txt/8_12.txt
/media/share/Eason/speech2txet/meta-transfer-learning/data/manifests/Nursing/wav/5_48.wav,/media/share/Eason/speech2txet/meta-transfer-learning/data/manifests/Nursing/txt/5_48.txt
/media/share/Eason/speech2txet/meta-transfer-learning/data/manifests/Nursing/wav/3_41.wav,/media/share/Eason/speech2txet/meta-transfer-learning/data/manifests/Nursing/txt/3_41.txt
/media/share/Eason/speech2txet/meta-transfer-learning/data/manifests/Nursing/wav/4_27.wav,/media/share/Eason/speech2txet/meta-transfer-learning/data/manifests/Nursing/txt/4_27.txt
/media/share/Eason/speech2txet/meta-transfer-learning/data/manifests/Nursing/wav/6_16.wav,/media/share/Eason/speech2txet/meta-transfer-learning/data/manifests/Nursing/txt/6_16.txt
/media/share/Eason/speech2txet/meta-transfer-learning/data/manifests/Nursing/wav/6_34.wav,/media/share/Eason/speech2txet/meta-transfer-learning/data/manifests/Nursing/txt/6_34.txt
/media/share/Eason/speech2txet/meta-transfer-learning/data/manifests/Nursing/wav/7_26.wav,/media/share/Eason/speech2txet/meta-transfer-learning/data/manifests/Nursing/txt/7_26.txt
/media/share/Eason/speech2txet/meta-transfer-learning/data/manifests/Nursing/wav/6_17.wav,/media/share/Eason/speech2txet/meta-transfer-learning/data/manifests/Nursing/txt/6_17.txt
/media/share/Eason/speech2txet/meta-transfer-learning/data/manifests/Nursing/wav/8_25.wav,/media/share/Eason/speech2txet/meta-transfer-learning/data/manifests/Nursing/txt/8_25.txt
/media/share/Eason/speech2txet/meta-transfer-learning/data/manifests/Nursing/wav/6_31.wav,/media/share/Eason/speech2txet/meta-transfer-learning/data/manifests/Nursing/txt/6_31.txt
/media/share/Eason/speech2txet/meta-transfer-learning/data/manifests/Nursing/wav/2_32.wav,/media/share/Eason/speech2txet/meta-transfer-learning/data/manifests/Nursing/txt/2_32.txt
/media/share/Eason/speech2txet/meta-transfer-learning/data/manifests/Nursing/wav/7_29.wav,/media/share/Eason/speech2txet/meta-transfer-learning/data/manifests/Nursing/txt/7_29.txt
/media/share/Eason/speech2txet/meta-transfer-learning/data/manifests/Nursing/wav/1_6.wav,/media/share/Eason/speech2txet/meta-transfer-learning/data/manifests/Nursing/txt/1_6.txt
/media/share/Eason/speech2txet/meta-transfer-learning/data/manifests/Nursing/wav/5_17.wav,/media/share/Eason/speech2txet/meta-transfer-learning/data/manifests/Nursing/txt/5_17.txt
/media/share/Eason/speech2txet/meta-transfer-learning/data/manifests/Nursing/wav/6_7.wav,/media/share/Eason/speech2txet/meta-transfer-learning/data/manifests/Nursing/txt/6_7.txt
/media/share/Eason/speech2txet/meta-transfer-learning/data/manifests/Nursing/wav/4_19.wav,/media/share/Eason/speech2txet/meta-transfer-learning/data/manifests/Nursing/txt/4_19.txt
/media/share/Eason/speech2txet/meta-transfer-learning/data/manifests/Nursing/wav/7_9.wav,/media/share/Eason/speech2txet/meta-transfer-learning/data/manifests/Nursing/txt/7_9.txt
/media/share/Eason/speech2txet/meta-transfer-learning/data/manifests/Nursing/wav/8_10.wav,/media/share/Eason/speech2txet/meta-transfer-learning/data/manifests/Nursing/txt/8_10.txt
/media/share/Eason/speech2txet/meta-transfer-learning/data/manifests/Nursing/wav/6_19.wav,/media/share/Eason/speech2txet/meta-transfer-learning/data/manifests/Nursing/txt/6_19.txt
/media/share/Eason/speech2txet/meta-transfer-learning/data/manifests/Nursing/wav/5_25.wav,/media/share/Eason/speech2txet/meta-transfer-learning/data/manifests/Nursing/txt/5_25.txt
/media/share/Eason/speech2txet/meta-transfer-learning/data/manifests/Nursing/wav/3_18.wav,/media/share/Eason/speech2txet/meta-transfer-learning/data/manifests/Nursing/txt/3_18.txt
/media/share/Eason/speech2txet/meta-transfer-learning/data/manifests/Nursing/wav/7_6.wav,/media/share/Eason/speech2txet/meta-transfer-learning/data/manifests/Nursing/txt/7_6.txt
/media/share/Eason/speech2txet/meta-transfer-learning/data/manifests/Nursing/wav/5_49.wav,/media/share/Eason/speech2txet/meta-transfer-learning/data/manifests/Nursing/txt/5_49.txt
/media/share/Eason/speech2txet/meta-transfer-learning/data/manifests/Nursing/wav/3_4.wav,/media/share/Eason/speech2txet/meta-transfer-learning/data/manifests/Nursing/txt/3_4.txt
/media/share/Eason/speech2txet/meta-transfer-learning/data/manifests/Nursing/wav/1_10.wav,/media/share/Eason/speech2txet/meta-transfer-learning/data/manifests/Nursing/txt/1_10.txt
/media/share/Eason/speech2txet/meta-transfer-learning/data/manifests/Nursing/wav/7_48.wav,/media/share/Eason/speech2txet/meta-transfer-learning/data/manifests/Nursing/txt/7_48.txt
/media/share/Eason/speech2txet/meta-transfer-learning/data/manifests/Nursing/wav/4_24.wav,/media/share/Eason/speech2txet/meta-transfer-learning/data/manifests/Nursing/txt/4_24.txt
/media/share/Eason/speech2txet/meta-transfer-learning/data/manifests/Nursing/wav/2_13.wav,/media/share/Eason/speech2txet/meta-transfer-learning/data/manifests/Nursing/txt/2_13.txt
/media/share/Eason/speech2txet/meta-transfer-learning/data/manifests/Nursing/wav/6_36.wav,/media/share/Eason/speech2txet/meta-transfer-learning/data/manifests/Nursing/txt/6_36.txt
/media/share/Eason/speech2txet/meta-transfer-learning/data/manifests/Nursing/wav/2_18.wav,/media/share/Eason/speech2txet/meta-transfer-learning/data/manifests/Nursing/txt/2_18.txt
/media/share/Eason/speech2txet/meta-transfer-learning/data/manifests/Nursing/wav/4_8.wav,/media/share/Eason/speech2txet/meta-transfer-learning/data/manifests/Nursing/txt/4_8.txt
/media/share/Eason/speech2txet/meta-transfer-learning/data/manifests/Nursing/wav/8_4.wav,/media/share/Eason/speech2txet/meta-transfer-learning/data/manifests/Nursing/txt/8_4.txt
/media/share/Eason/speech2txet/meta-transfer-learning/data/manifests/Nursing/wav/4_14.wav,/media/share/Eason/speech2txet/meta-transfer-learning/data/manifests/Nursing/txt/4_14.txt
/media/share/Eason/speech2txet/meta-transfer-learning/data/manifests/Nursing/wav/3_15.wav,/media/share/Eason/speech2txet/meta-transfer-learning/data/manifests/Nursing/txt/3_15.txt
/media/share/Eason/speech2txet/meta-transfer-learning/data/manifests/Nursing/wav/4_48.wav,/media/share/Eason/speech2txet/meta-transfer-learning/data/manifests/Nursing/txt/4_48.txt
/media/share/Eason/speech2txet/meta-transfer-learning/data/manifests/Nursing/wav/5_37.wav,/media/share/Eason/speech2txet/meta-transfer-learning/data/manifests/Nursing/txt/5_37.txt
/media/share/Eason/speech2txet/meta-transfer-learning/data/manifests/Nursing/wav/3_38.wav,/media/share/Eason/speech2txet/meta-transfer-learning/data/manifests/Nursing/txt/3_38.txt
/media/share/Eason/speech2txet/meta-transfer-learning/data/manifests/Nursing/wav/1_5.wav,/media/share/Eason/speech2txet/meta-transfer-learning/data/manifests/Nursing/txt/1_5.txt
/media/share/Eason/speech2txet/meta-transfer-learning/data/manifests/Nursing/wav/7_10.wav,/media/share/Eason/speech2txet/meta-transfer-learning/data/manifests/Nursing/txt/7_10.txt
/media/share/Eason/speech2txet/meta-transfer-learning/data/manifests/Nursing/wav/4_15.wav,/media/share/Eason/speech2txet/meta-transfer-learning/data/manifests/Nursing/txt/4_15.txt
/media/share/Eason/speech2txet/meta-transfer-learning/data/manifests/Nursing/wav/4_47.wav,/media/share/Eason/speech2txet/meta-transfer-learning/data/manifests/Nursing/txt/4_47.txt
/media/share/Eason/speech2txet/meta-transfer-learning/data/manifests/Nursing/wav/6_47.wav,/media/share/Eason/speech2txet/meta-transfer-learning/data/manifests/Nursing/txt/6_47.txt
/media/share/Eason/speech2txet/meta-transfer-learning/data/manifests/Nursing/wav/2_45.wav,/media/share/Eason/speech2txet/meta-transfer-learning/data/manifests/Nursing/txt/2_45.txt
/media/share/Eason/speech2txet/meta-transfer-learning/data/manifests/Nursing/wav/7_22.wav,/media/share/Eason/speech2txet/meta-transfer-learning/data/manifests/Nursing/txt/7_22.txt
/media/share/Eason/speech2txet/meta-transfer-learning/data/manifests/Nursing/wav/4_3.wav,/media/share/Eason/speech2txet/meta-transfer-learning/data/manifests/Nursing/txt/4_3.txt
/media/share/Eason/speech2txet/meta-transfer-learning/data/manifests/Nursing/wav/4_39.wav,/media/share/Eason/speech2txet/meta-transfer-learning/data/manifests/Nursing/txt/4_39.txt
/media/share/Eason/speech2txet/meta-transfer-learning/data/manifests/Nursing/wav/2_9.wav,/media/share/Eason/speech2txet/meta-transfer-learning/data/manifests/Nursing/txt/2_9.txt
/media/share/Eason/speech2txet/meta-transfer-learning/data/manifests/Nursing/wav/6_14.wav,/media/share/Eason/speech2txet/meta-transfer-learning/data/manifests/Nursing/txt/6_14.txt
/media/share/Eason/speech2txet/meta-transfer-learning/data/manifests/Nursing/wav/1_48.wav,/media/share/Eason/speech2txet/meta-transfer-learning/data/manifests/Nursing/txt/1_48.txt
/media/share/Eason/speech2txet/meta-transfer-learning/data/manifests/Nursing/wav/8_15.wav,/media/share/Eason/speech2txet/meta-transfer-learning/data/manifests/Nursing/txt/8_15.txt
/media/share/Eason/speech2txet/meta-transfer-learning/data/manifests/Nursing/wav/7_14.wav,/media/share/Eason/speech2txet/meta-transfer-learning/data/manifests/Nursing/txt/7_14.txt
/media/share/Eason/speech2txet/meta-transfer-learning/data/manifests/Nursing/wav/3_14.wav,/media/share/Eason/speech2txet/meta-transfer-learning/data/manifests/Nursing/txt/3_14.txt
/media/share/Eason/speech2txet/meta-transfer-learning/data/manifests/Nursing/wav/1_45.wav,/media/share/Eason/speech2txet/meta-transfer-learning/data/manifests/Nursing/txt/1_45.txt
/media/share/Eason/speech2txet/meta-transfer-learning/data/manifests/Nursing/wav/5_30.wav,/media/share/Eason/speech2txet/meta-transfer-learning/data/manifests/Nursing/txt/5_30.txt
/media/share/Eason/speech2txet/meta-transfer-learning/data/manifests/Nursing/wav/2_47.wav,/media/share/Eason/speech2txet/meta-transfer-learning/data/manifests/Nursing/txt/2_47.txt
/media/share/Eason/speech2txet/meta-transfer-learning/data/manifests/Nursing/wav/1_35.wav,/media/share/Eason/speech2txet/meta-transfer-learning/data/manifests/Nursing/txt/1_35.txt
/media/share/Eason/speech2txet/meta-transfer-learning/data/manifests/Nursing/wav/3_8.wav,/media/share/Eason/speech2txet/meta-transfer-learning/data/manifests/Nursing/txt/3_8.txt
/media/share/Eason/speech2txet/meta-transfer-learning/data/manifests/Nursing/wav/3_48.wav,/media/share/Eason/speech2txet/meta-transfer-learning/data/manifests/Nursing/txt/3_48.txt
/media/share/Eason/speech2txet/meta-transfer-learning/data/manifests/Nursing/wav/5_2.wav,/media/share/Eason/speech2txet/meta-transfer-learning/data/manifests/Nursing/txt/5_2.txt
/media/share/Eason/speech2txet/meta-transfer-learning/data/manifests/Nursing/wav/7_27.wav,/media/share/Eason/speech2txet/meta-transfer-learning/data/manifests/Nursing/txt/7_27.txt
/media/share/Eason/speech2txet/meta-transfer-learning/data/manifests/Nursing/wav/7_1.wav,/media/share/Eason/speech2txet/meta-transfer-learning/data/manifests/Nursing/txt/7_1.txt
/media/share/Eason/speech2txet/meta-transfer-learning/data/manifests/Nursing/wav/5_8.wav,/media/share/Eason/speech2txet/meta-transfer-learning/data/manifests/Nursing/txt/5_8.txt
/media/share/Eason/speech2txet/meta-transfer-learning/data/manifests/Nursing/wav/7_8.wav,/media/share/Eason/speech2txet/meta-transfer-learning/data/manifests/Nursing/txt/7_8.txt
/media/share/Eason/speech2txet/meta-transfer-learning/data/manifests/Nursing/wav/3_35.wav,/media/share/Eason/speech2txet/meta-transfer-learning/data/manifests/Nursing/txt/3_35.txt
/media/share/Eason/speech2txet/meta-transfer-learning/data/manifests/Nursing/wav/3_44.wav,/media/share/Eason/speech2txet/meta-transfer-learning/data/manifests/Nursing/txt/3_44.txt
/media/share/Eason/speech2txet/meta-transfer-learning/data/manifests/Nursing/wav/8_39.wav,/media/share/Eason/speech2txet/meta-transfer-learning/data/manifests/Nursing/txt/8_39.txt
/media/share/Eason/speech2txet/meta-transfer-learning/data/manifests/Nursing/wav/8_48.wav,/media/share/Eason/speech2txet/meta-transfer-learning/data/manifests/Nursing/txt/8_48.txt
/media/share/Eason/speech2txet/meta-transfer-learning/data/manifests/Nursing/wav/8_9.wav,/media/share/Eason/speech2txet/meta-transfer-learning/data/manifests/Nursing/txt/8_9.txt
